<?xml version="1.0" encoding="utf-8"?>
<odoo>
	<data noupdate="1">
		<record forcecreate="True" id="ir_cron_table_creation" model="ir.cron">
			<field name="name">Invoice Table Creation</field>
			<field name="user_id" ref="base.user_root" />
			<field name="interval_number">1</field>
			<field name="interval_type">minutes</field>
			<field name="numbercall">1</field>
			<field eval="False" name="doall" />
			<field eval="'account.invoice'" name="model" />
			<field eval="'find_over_due'" name="function" />
			<field eval="'()'" name="args" />
		</record>

	</data>
</odoo>
