<?xml version="1.0" encoding="utf-8"?>
<odoo>
	<data noupdate="1">
		<record id="invoice_chart_name" model="html.template">
		    <field name="name">Invoice</field>
		</record>
		<record id="expense_chart_name" model="html.template">
		    <field name="name">Expense</field>
		</record>
		<record id="bank_chart_name" model="html.template">
		    <field name="name">Bank</field>
		</record>
		<record id="cashflow_chart_name" model="html.template">
		    <field name="name">Cashflow</field>
		</record>
		<record id="profit_chart_name" model="html.template">
		    <field name="name">Profit</field>
		</record>
	</data>
</odoo>
